District,Area_Hectares_Pred,Production_MT_Pred
Dhaka,0.0,0.0
Manikganj,13.416181591534073,29.0390786415861
Tangail,0.0,51.45852473222949
Dhaka Division,0.0,105.00673020916227
Chapai Nawabganj,135.7196223302666,305.00112142855494
Pabna,10.20983620085331,2.079973914682647
Rajshahi,0.0,6.6416737859441515
Sirajganj,12.368330541291261,39.419675903963736
Rajshahi Division,110.52429408163141,437.12432171615364
