District,Area_Hectares_Pred,Production_MT_Pred
Rangamati,15.289950931554609,0.21138475081100516
Chattogram Division,9.655786075220478,28.15224948437065
