District,Area_Hectares_Pred,Production_MT_Pred
Brahmanbaria,0.0018733053790195853,0.0
Chattogram,0.0,1.3166992634880779
Cumilla,0.03009701214140624,0.0
Rangamati,0.0,0.0
Faridpur,0.39866074726333167,0.0
Narayanganj,249.8126194006433,0.0
Jashore,5.475975609372127,29.225938508862242
Bogura,0.0,2.184566704713131
Naogaon,0.0,2.345056761138581
Kurigram,2.79293484055575,0.0
