District,Area_Hectares_Pred,Production_MT_Pred
Cumilla,0.0799029786886512,0.529620668347847
Faridpur,2.493749977171966,2.4954063607110264
Narayanganj,4.82724094242996,2.5298077992636654
Jashore,4.402975683207832,3.8117500078564905
Bogura,0.0,0.0
