District,Area_Hectares_Pred,Production_MT_Pred
Brahmanbaria,0.259274735167595,0.0
Chattogram,0.0,0.6566574094042033
Cumilla,0.8751058901020662,0.5296606523304
Rangamati,1.15710082956827,1.452033564568318
Faridpur,6.832143242372648,2.902975686783653
Gazipur,2.912514282504069,3.5917090248514256
Narayanganj,128.21647437206565,12.42980779969951
Jashore,0.0,7.763648850382719
Narail,4.129628965399792,0.0
Naogaon,0.0,2.7589458257264825
