District,Area_Hectares_Pred,Production_MT_Pred
Kishoreganj,0.0,0.0
Rajbari,14.959960363548229,0.0
Tangail,4.388712997993464,2.5638791992602377
