District,Area_Hectares_Pred,Production_MT_Pred
Bandarban,36.037787377312284,129.86999996552382
Rangamati,6.025975610069059,10.135066829367892
Chattogram Division,42.14730376184916,139.90246433043822
