District,Area_Hectares_Pred,Production_MT_Pred
Faridpur,91.80174048083632,109.07852827112112
Madaripur,116.85333134525932,50.57685691770733
Rajbari,94.88196007031917,25.191622602945124
Dhaka Division,398.9880152548776,317.9928904393563
