District,Area_Hectares_Pred,Production_MT_Pred
Chattogram,22.24215015389256,23.03619411331589
Cumilla,2.5169841004044895,14.903745643104518
Rangamati,7.305841574684695,3.555736831579983
Chattogram Division,7.852734437709676,31.98170916380441
Kishoreganj,0.4108853666839462,0.0
Tangail,2.618425179457952,3.666383058381809
Dhaka Division,3.810449865268077,0.6170041611201089
Rajshahi,51.19402348611078,3.1738353612588828
Rajshahi Division,0.0,6.487004929122284
