District,Area_Hectares_Pred,Production_MT_Pred
Bandarban,17.107289808142138,34.89606497230224
Rangamati,2.7655796081268265,0.0
Chattogram Division,29.010005903311143,25.493999794128587
Chuadanga,0.0,0.0
Khulna Division,0.0,0.0
