col_0,col_1,col_2,col_3,col_4,col_5,col_6,col_7
Lalmonirhat,25,24,59,14.07,39.07,1636,63.91852
Bangladesh,25,24,59,14.07,39.07,1636,63.91852
